uniprotID,QCL_1,geneNames,Organism,PTM,StructureAvailable,EMBL,GenBank,GeneID,TaxonomicLineageAll,disoMine,backbone,sidechain,earlyFolding,molecularWeights,aromaticity,instability,isoelectricPoint,flexibility,helixFraction,sheetFraction,coilFraction,aminoAcidNumbers_A,aminoAcidNumbers_C,aminoAcidNumbers_D,aminoAcidNumbers_E,aminoAcidNumbers_F,aminoAcidNumbers_G,aminoAcidNumbers_H,aminoAcidNumbers_I,aminoAcidNumbers_K,aminoAcidNumbers_L,aminoAcidNumbers_M,aminoAcidNumbers_N,aminoAcidNumbers_P,aminoAcidNumbers_Q,aminoAcidNumbers_R,aminoAcidNumbers_S,aminoAcidNumbers_T,aminoAcidNumbers_V,aminoAcidNumbers_W,aminoAcidNumbers_Y,aminoAcidFractions_A,aminoAcidFractions_C,aminoAcidFractions_D,aminoAcidFractions_E,aminoAcidFractions_F,aminoAcidFractions_G,aminoAcidFractions_H,aminoAcidFractions_I,aminoAcidFractions_K,aminoAcidFractions_L,aminoAcidFractions_M,aminoAcidFractions_N,aminoAcidFractions_P,aminoAcidFractions_Q,aminoAcidFractions_R,aminoAcidFractions_S,aminoAcidFractions_T,aminoAcidFractions_V,aminoAcidFractions_W,aminoAcidFractions_Y,FAC1_1,FAC2_1,FAC3_1,FAC1_2,FAC2_2,QCL_2
A0A024R1G3_HUMAN,1,MB hCG_41530,Homo sapiens (Human), , ,CH471095;CH471095;, , ,"cellular organisms, Eukaryota, Opisthokonta, Metazoa, Eumetazoa, Bilateria, Deuterostomia, Chordata, Craniata, Vertebrata, Gnathostomata (jawed vertebrates), Teleostomi, Euteleostomi, Sarcopterygii, Dipnotetrapodomorpha, Tetrapoda, Amniota, Mammalia, Theria, Eutheria, Boreoeutheria, Euarchontoglires, Primates, Haplorrhini, Simiiformes, Catarrhini, Hominoidea (apes), Hominidae (great apes), Homininae, Homo, Homo sapiens (Human)",.40115351153605,.801870481927711,.497653915662651,.101150122618997,18513.2287,.072289156626506,20.0506024096386,7.11757183074951,1.00657127691841,.27710843373494,.186746987951807,.307228915662651,13,4,8,15,7,16,9,8,21,18,5,3,5,8,2,7,4,8,2,3,.0783132530120482,.0240963855421687,.0481927710843374,.0903614457831325,.0421686746987952,.0963855421686747,.0542168674698795,.0481927710843374,.126506024096386,.108433734939759,.0301204819277108,.0180722891566265,.0301204819277108,.0481927710843374,.0120481927710843,.0421686746987952,.0240963855421687,.0481927710843374,.0120481927710843,.0180722891566265,1.05220540341577,1.77825129280303,-2.05790693371727,.0108313935954082,2.176119500674,1.5675747709378
A0A091D6D3_FUKDA,2,H920_20184,Fukomys damarensis (Damaraland mole rat) (Cryptomys damarensis), , ,KN125407;, ,104856489;,"cellular organisms, Eukaryota, Opisthokonta, Metazoa, Eumetazoa, Bilateria, Deuterostomia, Chordata, Craniata, Vertebrata, Gnathostomata (jawed vertebrates), Teleostomi, Euteleostomi, Sarcopterygii, Dipnotetrapodomorpha, Tetrapoda, Amniota, Mammalia, Theria, Eutheria, Boreoeutheria, Euarchontoglires, Glires (Rodents and rabbits), Rodentia, Hystricomorpha, Bathyergidae (African mole-rats), Fukomys, Fukomys damarensis (Damaraland mole rat) (Cryptomys damarensis)",.395278238243871,.785694155844156,.488684090909091,.131537447546474,16929.2258,.0714285714285714,23.8668831168831,7.10944385528564,1.00755008210181,.285714285714286,.201298701298701,.305194805194805,13,0,8,13,7,18,8,8,18,18,3,1,4,8,3,8,5,7,2,2,.0844155844155844,0,.051948051948052,.0844155844155844,.0454545454545455,.116883116883117,.051948051948052,.051948051948052,.116883116883117,.116883116883117,.0194805194805195,.00649350649350649,.025974025974026,.051948051948052,.0194805194805195,.051948051948052,.0324675324675325,.0454545454545455,.012987012987013,.012987012987013,.433004573018375,.449961400380632,-.121993692448942,.300685235703476,.531496514873251,.798006673108513
A0A0D9R744_CHLSB,2,MB,Chlorocebus sabaeus (Green monkey) (Cercopithecus sabaeus), , , , ,103223234;,"cellular organisms, Eukaryota, Opisthokonta, Metazoa, Eumetazoa, Bilateria, Deuterostomia, Chordata, Craniata, Vertebrata, Gnathostomata (jawed vertebrates), Teleostomi, Euteleostomi, Sarcopterygii, Dipnotetrapodomorpha, Tetrapoda, Amniota, Mammalia, Theria, Eutheria, Boreoeutheria, Euarchontoglires, Primates, Haplorrhini, Simiiformes, Catarrhini, Cercopithecoidea, Cercopithecidae (Old World monkeys), Cercopithecinae, Chlorocebus, Chlorocebus sabaeus (Green monkey) (Cercopithecus sabaeus)",.520272195726246,.779663636363636,.482741883116883,.132637609380024,17147.5423,.0649350649350649,22.2623376623377,7.14377460479736,1.00937077175698,.279220779220779,.194805194805195,.318181818181818,13,0,8,14,6,14,9,8,20,18,4,3,5,7,2,8,4,7,2,2,.0844155844155844,0,.051948051948052,.0909090909090909,.038961038961039,.0909090909090909,.0584415584415584,.051948051948052,.12987012987013,.116883116883117,.025974025974026,.0194805194805195,.0324675324675325,.0454545454545455,.012987012987013,.051948051948052,.025974025974026,.0454545454545455,.012987012987013,.012987012987013,.0781821526886967,-.818982951350244,.46555924687554,.341416727078769,-.842700048904028,.581544026627246
A0A1K0FU49_HUMAN,2,GLNG MB hCG_41530,Homo sapiens (Human), , ,CH471095;LT548106;, ,4151;,"cellular organisms, Eukaryota, Opisthokonta, Metazoa, Eumetazoa, Bilateria, Deuterostomia, Chordata, Craniata, Vertebrata, Gnathostomata (jawed vertebrates), Teleostomi, Euteleostomi, Sarcopterygii, Dipnotetrapodomorpha, Tetrapoda, Amniota, Mammalia, Theria, Eutheria, Boreoeutheria, Euarchontoglires, Primates, Haplorrhini, Simiiformes, Catarrhini, Hominoidea (apes), Hominidae (great apes), Homininae, Homo, Homo sapiens (Human)",.387959409553509,.785974675324675,.487838636363636,.113389804567143,17183.5975,.0714285714285714,21.812987012987,7.13689708709717,1.0086091954023,.279220779220779,.194805194805195,.305194805194805,12,1,8,14,7,15,9,8,20,17,4,3,5,7,2,7,4,7,2,2,.0779220779220779,.00649350649350649,.051948051948052,.0909090909090909,.0454545454545455,.0974025974025974,.0584415584415584,.051948051948052,.12987012987013,.11038961038961,.025974025974026,.0194805194805195,.0324675324675325,.0454545454545455,.012987012987013,.0454545454545455,.025974025974026,.0454545454545455,.012987012987013,.012987012987013,.759127843122238,-.0237173312212596,-1.35843715519422,.214907260401395,.278829580059508,.547225761223584
A0A1K0GGA6_MACMU,2,EGK_02983,Macaca mulatta (Rhesus macaque), , ,CM001262;, ,693269;,"cellular organisms, Eukaryota, Opisthokonta, Metazoa, Eumetazoa, Bilateria, Deuterostomia, Chordata, Craniata, Vertebrata, Gnathostomata (jawed vertebrates), Teleostomi, Euteleostomi, Sarcopterygii, Dipnotetrapodomorpha, Tetrapoda, Amniota, Mammalia, Theria, Eutheria, Boreoeutheria, Euarchontoglires, Primates, Haplorrhini, Simiiformes, Catarrhini, Cercopithecoidea, Cercopithecidae (Old World monkeys), Cercopithecinae, Macaca (macaques), Macaca mulatta (Rhesus macaque)",.537813985018761,.783006493506494,.483962662337662,.135064671830008,17175.5954,.0649350649350649,22.2623376623377,7.14377460479736,1.0090052545156,.285714285714286,.194805194805195,.311688311688312,12,0,8,14,6,14,9,8,20,18,4,3,5,7,2,8,4,8,2,2,.0779220779220779,0,.051948051948052,.0909090909090909,.038961038961039,.0909090909090909,.0584415584415584,.051948051948052,.12987012987013,.116883116883117,.025974025974026,.0194805194805195,.0324675324675325,.0454545454545455,.012987012987013,.051948051948052,.025974025974026,.051948051948052,.012987012987013,.012987012987013,.108433781317396,-.458165710098598,.428328450738771,.311345919697604,-.480476231178657,.21901366996923
A0A250XVB6_CASCN,1,MB,Castor canadensis (American beaver), , ,GFFV01004648;, ,109692956;,"cellular organisms, Eukaryota, Opisthokonta, Metazoa, Eumetazoa, Bilateria, Deuterostomia, Chordata, Craniata, Vertebrata, Gnathostomata (jawed vertebrates), Teleostomi, Euteleostomi, Sarcopterygii, Dipnotetrapodomorpha, Tetrapoda, Amniota, Mammalia, Theria, Eutheria, Boreoeutheria, Euarchontoglires, Glires (Rodents and rabbits), Rodentia, Castorimorpha (beavers and others), Castoridae (beavers), Castor, Castor canadensis (American beaver)",.484991110280737,.790292207792208,.487346428571429,.112638719785318,17168.6708,.0714285714285714,19.337012987013,8.65812015533447,1.0074052545156,.292207792207792,.168831168831169,.318181818181818,14,0,8,14,7,14,11,8,22,18,3,0,4,5,2,8,4,8,2,2,.0909090909090909,0,.051948051948052,.0909090909090909,.0454545454545455,.0909090909090909,.0714285714285714,.051948051948052,.142857142857143,.116883116883117,.0194805194805195,0,.025974025974026,.0324675324675325,.012987012987013,.051948051948052,.025974025974026,.051948051948052,.012987012987013,.012987012987013,.276382715888295,.821855891887697,-.937732712933952,-.184238347842357,.966651386863186,1.08665652828019
A0A2J8QPB9_PANTR,1,CK820_G0024652,Pan troglodytes (Chimpanzee), , ,NBAG03000026;, , ,"cellular organisms, Eukaryota, Opisthokonta, Metazoa, Eumetazoa, Bilateria, Deuterostomia, Chordata, Craniata, Vertebrata, Gnathostomata (jawed vertebrates), Teleostomi, Euteleostomi, Sarcopterygii, Dipnotetrapodomorpha, Tetrapoda, Amniota, Mammalia, Theria, Eutheria, Boreoeutheria, Euarchontoglires, Primates, Haplorrhini, Simiiformes, Catarrhini, Hominoidea (apes), Hominidae (great apes), Homininae, Pan (chimpanzees), Pan troglodytes (Chimpanzee)",.868592353782269,.776671717171717,.490504545454545,.122269453319228,10878.5074,.0606060606060606,24.9444444444444,9.24084987640381,1.00602830687831,.252525252525253,.191919191919192,.313131313131313,11,1,4,7,4,9,7,6,14,10,3,2,3,4,1,5,3,3,0,2,.111111111111111,.0101010101010101,.0404040404040404,.0707070707070707,.0404040404040404,.0909090909090909,.0707070707070707,.0606060606060606,.141414141414141,.101010101010101,.0303030303030303,.0202020202020202,.0303030303030303,.0404040404040404,.0101010101010101,.0505050505050505,.0303030303030303,.0303030303030303,0,.0202020202020202,-1.71267279748846,1.30649815305092,-.148761496340157,-1.79853932382478,.988227464574593,.609670188958404
A0A2J8QPC2_PANTR,2,CK820_G0024652,Pan troglodytes (Chimpanzee), , ,NBAG03000026;, , ,"cellular organisms, Eukaryota, Opisthokonta, Metazoa, Eumetazoa, Bilateria, Deuterostomia, Chordata, Craniata, Vertebrata, Gnathostomata (jawed vertebrates), Teleostomi, Euteleostomi, Sarcopterygii, Dipnotetrapodomorpha, Tetrapoda, Amniota, Mammalia, Theria, Eutheria, Boreoeutheria, Euarchontoglires, Primates, Haplorrhini, Simiiformes, Catarrhini, Hominoidea (apes), Hominidae (great apes), Homininae, Pan (chimpanzees), Pan troglodytes (Chimpanzee)",.4638133149047,.785123076923077,.486552797202797,.132286477653406,15997.3271,.0629370629370629,16.5062937062937,7.168385887146,1.00739001421464,.27972027972028,.181818181818182,.307692307692308,11,1,8,13,6,13,10,8,19,16,4,2,5,5,2,6,4,7,2,1,.0769230769230769,.00699300699300699,.0559440559440559,.0909090909090909,.041958041958042,.0909090909090909,.0699300699300699,.0559440559440559,.132867132867133,.111888111888112,.027972027972028,.013986013986014,.034965034965035,.034965034965035,.013986013986014,.041958041958042,.027972027972028,.048951048951049,.013986013986014,.00699300699300699,.0503483914429418,.531038855756538,-.133858536418951,-.0673812383062366,.543842239173925,.876315198753883
A0A2J8QPC5_PANTR,2,GLNG,Pan troglodytes (Chimpanzee), , ,LT548112;, , ,"cellular organisms, Eukaryota, Opisthokonta, Metazoa, Eumetazoa, Bilateria, Deuterostomia, Chordata, Craniata, Vertebrata, Gnathostomata (jawed vertebrates), Teleostomi, Euteleostomi, Sarcopterygii, Dipnotetrapodomorpha, Tetrapoda, Amniota, Mammalia, Theria, Eutheria, Boreoeutheria, Euarchontoglires, Primates, Haplorrhini, Simiiformes, Catarrhini, Hominoidea (apes), Hominidae (great apes), Homininae, Pan (chimpanzees), Pan troglodytes (Chimpanzee)",.439181160520424,.7843,.488223051948052,.131479250941349,17192.6076,.0714285714285714,16.8428571428571,7.16793117523193,1.0080091954023,.279220779220779,.194805194805195,.305194805194805,12,1,8,14,7,15,10,8,20,17,4,3,5,6,2,7,4,7,2,2,.0779220779220779,.00649350649350649,.051948051948052,.0909090909090909,.0454545454545455,.0974025974025974,.0649350649350649,.051948051948052,.12987012987013,.11038961038961,.025974025974026,.0194805194805195,.0324675324675325,.038961038961039,.012987012987013,.0454545454545455,.025974025974026,.0454545454545455,.012987012987013,.012987012987013,.504782515194682,.234361392104051,-.32401094966037,.320856681411037,.358582886942241,.626664700217295
A0A2J8QPD0_PANTR,2,CK820_G0024652,Pan troglodytes (Chimpanzee), , ,NBAG03000026;NBAG03000026;, , ,"cellular organisms, Eukaryota, Opisthokonta, Metazoa, Eumetazoa, Bilateria, Deuterostomia, Chordata, Craniata, Vertebrata, Gnathostomata (jawed vertebrates), Teleostomi, Euteleostomi, Sarcopterygii, Dipnotetrapodomorpha, Tetrapoda, Amniota, Mammalia, Theria, Eutheria, Boreoeutheria, Euarchontoglires, Primates, Haplorrhini, Simiiformes, Catarrhini, Hominoidea (apes), Hominidae (great apes), Homininae, Pan (chimpanzees), Pan troglodytes (Chimpanzee)",.672762349107355,.770920754716981,.477794811320755,.10753000026473,11896.6265,.0566037735849057,14.6783018867925,8.00318584442139,1.01086242022582,.283018867924528,.179245283018868,.311320754716981,7,0,5,11,3,10,8,5,16,13,2,1,4,3,1,4,4,6,2,1,.0660377358490566,0,.0471698113207547,.10377358490566,.0283018867924528,.0943396226415094,.0754716981132075,.0471698113207547,.150943396226415,.122641509433962,.0188679245283019,.00943396226415094,.0377358490566038,.0283018867924528,.00943396226415094,.0377358490566038,.0377358490566038,.0566037735849057,.0188679245283019,.00943396226415094,-.0855592317387403,-1.73421149788392,-1.71998674206649,-.484876397797278,-1.4974665399248,1.44342021118093
A0A2J8QPD7_PANTR,1,CK820_G0024652,Pan troglodytes (Chimpanzee), , ,NBAG03000026;, , ,"cellular organisms, Eukaryota, Opisthokonta, Metazoa, Eumetazoa, Bilateria, Deuterostomia, Chordata, Craniata, Vertebrata, Gnathostomata (jawed vertebrates), Teleostomi, Euteleostomi, Sarcopterygii, Dipnotetrapodomorpha, Tetrapoda, Amniota, Mammalia, Theria, Eutheria, Boreoeutheria, Euarchontoglires, Primates, Haplorrhini, Simiiformes, Catarrhini, Hominoidea (apes), Hominidae (great apes), Homininae, Pan (chimpanzees), Pan troglodytes (Chimpanzee)",.947452194787361,.769685135135135,.488866891891892,.109325133565272,8077.3045,.0405405405405405,26.272972972973,9.13338108062744,1.00393846153846,.256756756756757,.175675675675676,.283783783783784,8,1,3,5,2,6,7,6,11,7,1,0,3,3,0,4,3,3,0,1,.108108108108108,.0135135135135135,.0405405405405405,.0675675675675676,.027027027027027,.0810810810810811,.0945945945945946,.0810810810810811,.148648648648649,.0945945945945946,.0135135135135135,0,.0405405405405405,.0405405405405405,0,.0540540540540541,.0405405405405405,.0405405405405405,0,.0135135135135135,-2.54712417592303,2.2955360866219,-1.78301637915155,-3.28156498106453,2.00533062567164,2.18529766417943
A0A2K5JJ98_COLAP,2,MB,Colobus angolensis palliatus (Peters' Angolan colobus), , , , ,105525488;,"cellular organisms, Eukaryota, Opisthokonta, Metazoa, Eumetazoa, Bilateria, Deuterostomia, Chordata, Craniata, Vertebrata, Gnathostomata (jawed vertebrates), Teleostomi, Euteleostomi, Sarcopterygii, Dipnotetrapodomorpha, Tetrapoda, Amniota, Mammalia, Theria, Eutheria, Boreoeutheria, Euarchontoglires, Primates, Haplorrhini, Simiiformes, Catarrhini, Cercopithecoidea, Cercopithecidae (Old World monkeys), Colobinae, Colobus (black-and-white colobus monkeys), Colobus angolensis (Angolan colobus), Colobus angolensis palliatus (Peters' Angolan colobus)",.41008095839968,.787358441558441,.48529512987013,.125284581349024,17177.6776,.0649350649350649,22.3272727272727,7.87141246795654,1.0087776683087,.279220779220779,.181818181818182,.318181818181818,13,1,8,14,6,14,9,8,21,18,4,2,5,7,2,7,4,7,2,2,.0844155844155844,.00649350649350649,.051948051948052,.0909090909090909,.038961038961039,.0909090909090909,.0584415584415584,.051948051948052,.136363636363636,.116883116883117,.025974025974026,.012987012987013,.0324675324675325,.0454545454545455,.012987012987013,.0454545454545455,.025974025974026,.0454545454545455,.012987012987013,.012987012987013,.125533611471738,-.0640568190676719,-.140840302656206,.073190243944413,-.0228747879488187,.31129779456869
A0A2K5NML8_CERAT,2,MB,Cercocebus atys (Sooty mangabey) (Cercocebus torquatus atys), , , , ,105575787;,"cellular organisms, Eukaryota, Opisthokonta, Metazoa, Eumetazoa, Bilateria, Deuterostomia, Chordata, Craniata, Vertebrata, Gnathostomata (jawed vertebrates), Teleostomi, Euteleostomi, Sarcopterygii, Dipnotetrapodomorpha, Tetrapoda, Amniota, Mammalia, Theria, Eutheria, Boreoeutheria, Euarchontoglires, Primates, Haplorrhini, Simiiformes, Catarrhini, Cercopithecoidea, Cercopithecidae (Old World monkeys), Cercopithecinae, Cercocebus, Cercocebus atys (Sooty mangabey) (Cercocebus torquatus atys)",.520272195726246,.779663636363636,.482741883116883,.132637609380024,17147.5423,.0649350649350649,22.2623376623377,7.14377460479736,1.00937077175698,.279220779220779,.194805194805195,.318181818181818,13,0,8,14,6,14,9,8,20,18,4,3,5,7,2,8,4,7,2,2,.0844155844155844,0,.051948051948052,.0909090909090909,.038961038961039,.0909090909090909,.0584415584415584,.051948051948052,.12987012987013,.116883116883117,.025974025974026,.0194805194805195,.0324675324675325,.0454545454545455,.012987012987013,.051948051948052,.025974025974026,.0454545454545455,.012987012987013,.012987012987013,.0781821526886967,-.818982951350244,.46555924687554,.341416727078769,-.842700048904028,.581544026627246
A0A2K5YL59_MANLE,2,MB,Mandrillus leucophaeus (Drill) (Papio leucophaeus), , , , ,105538928;,"cellular organisms, Eukaryota, Opisthokonta, Metazoa, Eumetazoa, Bilateria, Deuterostomia, Chordata, Craniata, Vertebrata, Gnathostomata (jawed vertebrates), Teleostomi, Euteleostomi, Sarcopterygii, Dipnotetrapodomorpha, Tetrapoda, Amniota, Mammalia, Theria, Eutheria, Boreoeutheria, Euarchontoglires, Primates, Haplorrhini, Simiiformes, Catarrhini, Cercopithecoidea, Cercopithecidae (Old World monkeys), Cercopithecinae, Mandrillus (forest baboons), Mandrillus leucophaeus (Drill) (Papio leucophaeus)",.520272195726246,.779663636363636,.482741883116883,.132637609380024,17147.5423,.0649350649350649,22.2623376623377,7.14377460479736,1.00937077175698,.279220779220779,.194805194805195,.318181818181818,13,0,8,14,6,14,9,8,20,18,4,3,5,7,2,8,4,7,2,2,.0844155844155844,0,.051948051948052,.0909090909090909,.038961038961039,.0909090909090909,.0584415584415584,.051948051948052,.12987012987013,.116883116883117,.025974025974026,.0194805194805195,.0324675324675325,.0454545454545455,.012987012987013,.051948051948052,.025974025974026,.0454545454545455,.012987012987013,.012987012987013,.0781821526886967,-.818982951350244,.46555924687554,.341416727078769,-.842700048904028,.581544026627246
A0A2K6DJM1_MACNE,2,MB,Macaca nemestrina (Pig-tailed macaque), , , , ,105464533;,"cellular organisms, Eukaryota, Opisthokonta, Metazoa, Eumetazoa, Bilateria, Deuterostomia, Chordata, Craniata, Vertebrata, Gnathostomata (jawed vertebrates), Teleostomi, Euteleostomi, Sarcopterygii, Dipnotetrapodomorpha, Tetrapoda, Amniota, Mammalia, Theria, Eutheria, Boreoeutheria, Euarchontoglires, Primates, Haplorrhini, Simiiformes, Catarrhini, Cercopithecoidea, Cercopithecidae (Old World monkeys), Cercopithecinae, Macaca (macaques), Macaca nemestrina (Pig-tailed macaque)",.537813985018761,.783006493506494,.483962662337662,.135064671830008,17175.5954,.0649350649350649,22.2623376623377,7.14377460479736,1.0090052545156,.285714285714286,.194805194805195,.311688311688312,12,0,8,14,6,14,9,8,20,18,4,3,5,7,2,8,4,8,2,2,.0779220779220779,0,.051948051948052,.0909090909090909,.038961038961039,.0909090909090909,.0584415584415584,.051948051948052,.12987012987013,.116883116883117,.025974025974026,.0194805194805195,.0324675324675325,.0454545454545455,.012987012987013,.051948051948052,.025974025974026,.051948051948052,.012987012987013,.012987012987013,.108433781317396,-.458165710098598,.428328450738771,.311345919697604,-.480476231178657,.21901366996923
A0A2K6M9S1_RHIBE,2,MB,Rhinopithecus bieti (Black snub-nosed monkey) (Pygathrix bieti), , , , ,108540860;,"cellular organisms, Eukaryota, Opisthokonta, Metazoa, Eumetazoa, Bilateria, Deuterostomia, Chordata, Craniata, Vertebrata, Gnathostomata (jawed vertebrates), Teleostomi, Euteleostomi, Sarcopterygii, Dipnotetrapodomorpha, Tetrapoda, Amniota, Mammalia, Theria, Eutheria, Boreoeutheria, Euarchontoglires, Primates, Haplorrhini, Simiiformes, Catarrhini, Cercopithecoidea, Cercopithecidae (Old World monkeys), Colobinae, Rhinopithecus, Rhinopithecus bieti (Black snub-nosed monkey) (Pygathrix bieti)",.520272195726246,.779663636363636,.482741883116883,.132637609380024,17147.5423,.0649350649350649,22.2623376623377,7.14377460479736,1.00937077175698,.279220779220779,.194805194805195,.318181818181818,13,0,8,14,6,14,9,8,20,18,4,3,5,7,2,8,4,7,2,2,.0844155844155844,0,.051948051948052,.0909090909090909,.038961038961039,.0909090909090909,.0584415584415584,.051948051948052,.12987012987013,.116883116883117,.025974025974026,.0194805194805195,.0324675324675325,.0454545454545455,.012987012987013,.051948051948052,.025974025974026,.0454545454545455,.012987012987013,.012987012987013,.0781821526886967,-.818982951350244,.46555924687554,.341416727078769,-.842700048904028,.581544026627246
A0A2K6NL17_RHIRO,2,MB,Rhinopithecus roxellana (Golden snub-nosed monkey) (Pygathrix roxellana), , , , ,104682471;,"cellular organisms, Eukaryota, Opisthokonta, Metazoa, Eumetazoa, Bilateria, Deuterostomia, Chordata, Craniata, Vertebrata, Gnathostomata (jawed vertebrates), Teleostomi, Euteleostomi, Sarcopterygii, Dipnotetrapodomorpha, Tetrapoda, Amniota, Mammalia, Theria, Eutheria, Boreoeutheria, Euarchontoglires, Primates, Haplorrhini, Simiiformes, Catarrhini, Cercopithecoidea, Cercopithecidae (Old World monkeys), Colobinae, Rhinopithecus, Rhinopithecus roxellana (Golden snub-nosed monkey) (Pygathrix roxellana)",.527120822919654,.779508441558441,.482513961038961,.132333926938125,17161.5689,.0649350649350649,22.2623376623377,7.1443998336792,1.00955008210181,.279220779220779,.194805194805195,.324675324675325,13,0,7,15,6,14,9,8,20,18,4,3,5,7,2,8,4,7,2,2,.0844155844155844,0,.0454545454545455,.0974025974025974,.038961038961039,.0909090909090909,.0584415584415584,.051948051948052,.12987012987013,.116883116883117,.025974025974026,.0194805194805195,.0324675324675325,.0454545454545455,.012987012987013,.051948051948052,.025974025974026,.0454545454545455,.012987012987013,.012987012987013,.0940728944038905,-.968588725001407,.658065192877778,.444020745182669,-1.00952717240999,.764284481941105
A0A2R9BL13_PANPA,2,MB,Pan paniscus (Pygmy chimpanzee) (Bonobo), , , , ,100979053;,"cellular organisms, Eukaryota, Opisthokonta, Metazoa, Eumetazoa, Bilateria, Deuterostomia, Chordata, Craniata, Vertebrata, Gnathostomata (jawed vertebrates), Teleostomi, Euteleostomi, Sarcopterygii, Dipnotetrapodomorpha, Tetrapoda, Amniota, Mammalia, Theria, Eutheria, Boreoeutheria, Euarchontoglires, Primates, Haplorrhini, Simiiformes, Catarrhini, Hominoidea (apes), Hominidae (great apes), Homininae, Pan (chimpanzees), Pan paniscus (Pygmy chimpanzee) (Bonobo)",.439181160520424,.7843,.488223051948052,.131479250941349,17192.6076,.0714285714285714,16.8428571428571,7.16793117523193,1.0080091954023,.279220779220779,.194805194805195,.305194805194805,12,1,8,14,7,15,10,8,20,17,4,3,5,6,2,7,4,7,2,2,.0779220779220779,.00649350649350649,.051948051948052,.0909090909090909,.0454545454545455,.0974025974025974,.0649350649350649,.051948051948052,.12987012987013,.11038961038961,.025974025974026,.0194805194805195,.0324675324675325,.038961038961039,.012987012987013,.0454545454545455,.025974025974026,.0454545454545455,.012987012987013,.012987012987013,.504782515194682,.234361392104051,-.32401094966037,.320856681411037,.358582886942241,.626664700217295
A0A2T4CW89_9CYAN,2,C9925_02490,cyanobacterium G8-9, , ,PYVJ01000209;, , ,"cellular organisms, Bacteria, Terrabacteria group, Cyanobacteria/Melainabacteria group, Cyanobacteria, unclassified Cyanobacteria, cyanobacterium G8-9",.775474248850932,.767233606557377,.476670081967213,.121653432239955,13595.4767,.0737704918032787,27.3163934426229,8.75082569122315,1.01218362831858,.254098360655738,.180327868852459,.327868852459016,12,0,6,11,7,10,8,5,18,14,3,2,4,5,1,6,5,3,0,2,.0983606557377049,0,.0491803278688525,.0901639344262295,.0573770491803279,.0819672131147541,.0655737704918033,.040983606557377,.147540983606557,.114754098360656,.0245901639344262,.0163934426229508,.0327868852459016,.040983606557377,.00819672131147541,.0491803278688525,.040983606557377,.0245901639344262,0,.0163934426229508,-1.07937080220766,-2.22267879520334,.550831630095093,-.524425629458874,-2.43007135830078,2.30468424162128
A0A3Q7VSZ0_URSAR,2,MB,Ursus arctos horribilis, , , , , ,"cellular organisms, Eukaryota, Opisthokonta, Metazoa, Eumetazoa, Bilateria, Deuterostomia, Chordata, Craniata, Vertebrata, Gnathostomata (jawed vertebrates), Teleostomi, Euteleostomi, Sarcopterygii, Dipnotetrapodomorpha, Tetrapoda, Amniota, Mammalia, Theria, Eutheria, Boreoeutheria, Laurasiatheria, Carnivora, Caniformia, Ursidae (bears), Ursus, Ursus arctos (Brown bear) (Grizzly bear), Ursus arctos horribilis",.479312783228112,.786954545454545,.485399025974026,.134501342797484,17176.5652,.0714285714285714,13.1512987012987,7.95812244415283,1.00865353037767,.285714285714286,.188311688311688,.318181818181818,13,0,8,14,7,16,9,8,20,19,3,3,4,7,3,6,4,6,2,2,.0844155844155844,0,.051948051948052,.0909090909090909,.0454545454545455,.103896103896104,.0584415584415584,.051948051948052,.12987012987013,.123376623376623,.0194805194805195,.0194805194805195,.025974025974026,.0454545454545455,.0194805194805195,.038961038961039,.025974025974026,.038961038961039,.012987012987013,.012987012987013,.495139943957835,-.154986131956467,.113432675512261,.517819497414403,-.07688876548634,.313374321117707
A0A663D630_PANTR,2,CK820_G0024652,Pan troglodytes (Chimpanzee), , ,NBAG03000026;NBAG03000026;NBAG03000026;NBAG03000026;, , ,"cellular organisms, Eukaryota, Opisthokonta, Metazoa, Eumetazoa, Bilateria, Deuterostomia, Chordata, Craniata, Vertebrata, Gnathostomata (jawed vertebrates), Teleostomi, Euteleostomi, Sarcopterygii, Dipnotetrapodomorpha, Tetrapoda, Amniota, Mammalia, Theria, Eutheria, Boreoeutheria, Euarchontoglires, Primates, Haplorrhini, Simiiformes, Catarrhini, Hominoidea (apes), Hominidae (great apes), Homininae, Pan (chimpanzees), Pan troglodytes (Chimpanzee)",.439181160520424,.7843,.488223051948052,.131479250941349,17192.6076,.0714285714285714,16.8428571428571,7.16793117523193,1.0080091954023,.279220779220779,.194805194805195,.305194805194805,12,1,8,14,7,15,10,8,20,17,4,3,5,6,2,7,4,7,2,2,.0779220779220779,.00649350649350649,.051948051948052,.0909090909090909,.0454545454545455,.0974025974025974,.0649350649350649,.051948051948052,.12987012987013,.11038961038961,.025974025974026,.0194805194805195,.0324675324675325,.038961038961039,.012987012987013,.0454545454545455,.025974025974026,.0454545454545455,.012987012987013,.012987012987013,.504782515194682,.234361392104051,-.32401094966037,.320856681411037,.358582886942241,.626664700217295
A0A6G1B1B0_CROCR,2,Mb FOF47_R17655,Crocuta crocuta (Spotted hyena), , ,VOAJ01002723;, , ,"cellular organisms, Eukaryota, Opisthokonta, Metazoa, Eumetazoa, Bilateria, Deuterostomia, Chordata, Craniata, Vertebrata, Gnathostomata (jawed vertebrates), Teleostomi, Euteleostomi, Sarcopterygii, Dipnotetrapodomorpha, Tetrapoda, Amniota, Mammalia, Theria, Eutheria, Boreoeutheria, Laurasiatheria, Carnivora, Feliformia, Hyaenidae (hyaenas), Crocuta, Crocuta crocuta (Spotted hyena)",.491289236812623,.791597402597403,.487058116883117,.153217706483207,17220.6178,.0714285714285714,15.8688311688312,7.95812244415283,1.00810870279146,.285714285714286,.175324675324675,.318181818181818,13,0,8,14,7,15,9,7,20,19,3,3,4,7,3,5,6,7,2,2,.0844155844155844,0,.051948051948052,.0909090909090909,.0454545454545455,.0974025974025974,.0584415584415584,.0454545454545455,.12987012987013,.123376623376623,.0194805194805195,.0194805194805195,.025974025974026,.0454545454545455,.0194805194805195,.0324675324675325,.038961038961039,.0454545454545455,.012987012987013,.012987012987013,-.123591486327205,.569777109589475,1.59454256519805,.390261058597403,.338710578029316,.616819577484852
A0A6I9IAX0_VICPA,1,MB,Vicugna pacos (Alpaca) (Lama pacos), , , , , ,"cellular organisms, Eukaryota, Opisthokonta, Metazoa, Eumetazoa, Bilateria, Deuterostomia, Chordata, Craniata, Vertebrata, Gnathostomata (jawed vertebrates), Teleostomi, Euteleostomi, Sarcopterygii, Dipnotetrapodomorpha, Tetrapoda, Amniota, Mammalia, Theria, Eutheria, Boreoeutheria, Laurasiatheria, Artiodactyla, Tylopoda, Camelidae, Vicugna, Vicugna pacos (Alpaca) (Lama pacos)",.446143851942056,.792065584415585,.493152272727273,.141703615451895,17076.4261,.0714285714285714,16.661038961039,7.17435398101807,1.00585353037767,.279220779220779,.175324675324675,.324675324675325,16,0,9,12,7,14,10,6,19,18,4,4,4,6,2,5,6,8,2,2,.103896103896104,0,.0584415584415584,.0779220779220779,.0454545454545455,.0909090909090909,.0649350649350649,.038961038961039,.123376623376623,.116883116883117,.025974025974026,.025974025974026,.025974025974026,.038961038961039,.012987012987013,.0324675324675325,.038961038961039,.051948051948052,.012987012987013,.012987012987013,.0151090517351234,1.7065134254783,1.15639248628798,.219945768442988,1.52696017472172,1.48860492300379
A0A6P3EQL6_OCTDE,2,Mb,Octodon degus (Degu) (Sciurus degus), , , , ,101583167;,"cellular organisms, Eukaryota, Opisthokonta, Metazoa, Eumetazoa, Bilateria, Deuterostomia, Chordata, Craniata, Vertebrata, Gnathostomata (jawed vertebrates), Teleostomi, Euteleostomi, Sarcopterygii, Dipnotetrapodomorpha, Tetrapoda, Amniota, Mammalia, Theria, Eutheria, Boreoeutheria, Euarchontoglires, Glires (Rodents and rabbits), Rodentia, Hystricomorpha, Octodontidae, Octodon, Octodon degus (Degu) (Sciurus degus)",.437221477848369,.790461688311688,.489602922077922,.141845237515084,17014.3303,.0714285714285714,19.0636363636364,7.10944385528564,1.00706042692939,.285714285714286,.188311688311688,.318181818181818,14,0,8,13,7,16,8,7,18,19,3,2,4,8,3,7,6,7,2,2,.0909090909090909,0,.051948051948052,.0844155844155844,.0454545454545455,.103896103896104,.051948051948052,.0454545454545455,.116883116883117,.123376623376623,.0194805194805195,.012987012987013,.025974025974026,.051948051948052,.0194805194805195,.0454545454545455,.038961038961039,.0454545454545455,.012987012987013,.012987012987013,.246299727990668,.857499292318689,.925993040663462,.455577709819035,.767569348834636,1.05032178062727
B0QYF8_HUMAN,2,MB,Homo sapiens (Human), , , , , ,"cellular organisms, Eukaryota, Opisthokonta, Metazoa, Eumetazoa, Bilateria, Deuterostomia, Chordata, Craniata, Vertebrata, Gnathostomata (jawed vertebrates), Teleostomi, Euteleostomi, Sarcopterygii, Dipnotetrapodomorpha, Tetrapoda, Amniota, Mammalia, Theria, Eutheria, Boreoeutheria, Euarchontoglires, Primates, Haplorrhini, Simiiformes, Catarrhini, Hominoidea (apes), Hominidae (great apes), Homininae, Homo, Homo sapiens (Human)",.40551215952093,.786926573426573,.486138811188811,.114298743608468,15988.317,.0629370629370629,21.8587412587413,7.13723812103272,1.00803926794598,.27972027972028,.181818181818182,.307692307692308,11,1,8,13,6,13,9,8,19,16,4,2,5,6,2,6,4,7,2,1,.0769230769230769,.00699300699300699,.0559440559440559,.0909090909090909,.041958041958042,.0909090909090909,.0629370629370629,.0559440559440559,.132867132867133,.111888111888112,.027972027972028,.013986013986014,.034965034965035,.041958041958042,.013986013986014,.041958041958042,.027972027972028,.048951048951049,.013986013986014,.00699300699300699,.302554689935847,.258678320024028,-1.15482532109919,-.168689013097346,.448113877217201,.83681132742624
F2Z2F1_HUMAN,2,MB,Homo sapiens (Human), , , , , ,"cellular organisms, Eukaryota, Opisthokonta, Metazoa, Eumetazoa, Bilateria, Deuterostomia, Chordata, Craniata, Vertebrata, Gnathostomata (jawed vertebrates), Teleostomi, Euteleostomi, Sarcopterygii, Dipnotetrapodomorpha, Tetrapoda, Amniota, Mammalia, Theria, Eutheria, Boreoeutheria, Euarchontoglires, Primates, Haplorrhini, Simiiformes, Catarrhini, Hominoidea (apes), Hominidae (great apes), Homininae, Homo, Homo sapiens (Human)",.672762349107355,.770920754716981,.477794811320755,.10753000026473,11896.6265,.0566037735849057,14.6783018867925,8.00318584442139,1.01086242022582,.283018867924528,.179245283018868,.311320754716981,7,0,5,11,3,10,8,5,16,13,2,1,4,3,1,4,4,6,2,1,.0660377358490566,0,.0471698113207547,.10377358490566,.0283018867924528,.0943396226415094,.0754716981132075,.0471698113207547,.150943396226415,.122641509433962,.0188679245283019,.00943396226415094,.0377358490566038,.0283018867924528,.00943396226415094,.0377358490566038,.0377358490566038,.0566037735849057,.0188679245283019,.00943396226415094,-.0855592317387403,-1.73421149788392,-1.71998674206649,-.484876397797278,-1.4974665399248,1.44342021118093
F6PMG4_CALJA,2,GLNG MB,Callithrix jacchus (White-tufted-ear marmoset), , ,GAMT01003738;LT548143;, ,100414708;,"cellular organisms, Eukaryota, Opisthokonta, Metazoa, Eumetazoa, Bilateria, Deuterostomia, Chordata, Craniata, Vertebrata, Gnathostomata (jawed vertebrates), Teleostomi, Euteleostomi, Sarcopterygii, Dipnotetrapodomorpha, Tetrapoda, Amniota, Mammalia, Theria, Eutheria, Boreoeutheria, Euarchontoglires, Primates, Haplorrhini, Simiiformes, Platyrrhini (New World monkeys), Cebidae, Callitrichinae (marmosets and tamarins), Callithrix, Callithrix, Callithrix jacchus (White-tufted-ear marmoset)",.460270859784894,.784387012987013,.485174350649351,.131260941465493,17202.6654,.0714285714285714,16.725974025974,7.95973415374756,1.00829490968801,.285714285714286,.181818181818182,.318181818181818,13,0,8,14,7,14,10,6,21,18,4,2,5,6,2,7,4,9,2,2,.0844155844155844,0,.051948051948052,.0909090909090909,.0454545454545455,.0909090909090909,.0649350649350649,.038961038961039,.136363636363636,.116883116883117,.025974025974026,.012987012987013,.0324675324675325,.038961038961039,.012987012987013,.0454545454545455,.025974025974026,.0584415584415584,.012987012987013,.012987012987013,.285747400527248,.0302704647655421,.110719265151498,.300352843849765,.0669533569094554,.334373306772878
G3R764_GORGO,2,MB,Gorilla gorilla gorilla (Western lowland gorilla), , , , ,101153514;,"cellular organisms, Eukaryota, Opisthokonta, Metazoa, Eumetazoa, Bilateria, Deuterostomia, Chordata, Craniata, Vertebrata, Gnathostomata (jawed vertebrates), Teleostomi, Euteleostomi, Sarcopterygii, Dipnotetrapodomorpha, Tetrapoda, Amniota, Mammalia, Theria, Eutheria, Boreoeutheria, Euarchontoglires, Primates, Haplorrhini, Simiiformes, Catarrhini, Hominoidea (apes), Hominidae (great apes), Homininae, Gorilla, Gorilla gorilla (western gorilla), Gorilla gorilla gorilla (Western lowland gorilla)",.402164775442767,.787307792207792,.488127597402597,.114674125110291,17173.5596,.0714285714285714,22,7.13689708709717,1.00858850574713,.279220779220779,.194805194805195,.305194805194805,12,1,8,14,7,15,9,8,20,17,4,3,4,7,2,8,4,7,2,2,.0779220779220779,.00649350649350649,.051948051948052,.0909090909090909,.0454545454545455,.0974025974025974,.0584415584415584,.051948051948052,.12987012987013,.11038961038961,.025974025974026,.0194805194805195,.025974025974026,.0454545454545455,.012987012987013,.051948051948052,.025974025974026,.0454545454545455,.012987012987013,.012987012987013,.721973151073875,.0422808499485025,-1.24980485674379,.21156897554169,.323315159110117,.591826503454598
G7N3Q2_MACMU,2,GLNG,Macaca mulatta (Rhesus macaque), , ,LT548131;, ,693269;,"cellular organisms, Eukaryota, Opisthokonta, Metazoa, Eumetazoa, Bilateria, Deuterostomia, Chordata, Craniata, Vertebrata, Gnathostomata (jawed vertebrates), Teleostomi, Euteleostomi, Sarcopterygii, Dipnotetrapodomorpha, Tetrapoda, Amniota, Mammalia, Theria, Eutheria, Boreoeutheria, Euarchontoglires, Primates, Haplorrhini, Simiiformes, Catarrhini, Cercopithecoidea, Cercopithecidae (Old World monkeys), Cercopithecinae, Macaca (macaques), Macaca mulatta (Rhesus macaque)",.537813985018761,.783006493506494,.483962662337662,.135064671830008,17175.5954,.0649350649350649,22.2623376623377,7.14377460479736,1.0090052545156,.285714285714286,.194805194805195,.311688311688312,12,0,8,14,6,14,9,8,20,18,4,3,5,7,2,8,4,8,2,2,.0779220779220779,0,.051948051948052,.0909090909090909,.038961038961039,.0909090909090909,.0584415584415584,.051948051948052,.12987012987013,.116883116883117,.025974025974026,.0194805194805195,.0324675324675325,.0454545454545455,.012987012987013,.051948051948052,.025974025974026,.051948051948052,.012987012987013,.012987012987013,.108433781317396,-.458165710098598,.428328450738771,.311345919697604,-.480476231178657,.21901366996923
G7PFA9_MACFA,2,EGM_02630,Macaca fascicularis (Crab-eating macaque) (Cynomolgus monkey), , ,CM001285;, ,102132612;,"cellular organisms, Eukaryota, Opisthokonta, Metazoa, Eumetazoa, Bilateria, Deuterostomia, Chordata, Craniata, Vertebrata, Gnathostomata (jawed vertebrates), Teleostomi, Euteleostomi, Sarcopterygii, Dipnotetrapodomorpha, Tetrapoda, Amniota, Mammalia, Theria, Eutheria, Boreoeutheria, Euarchontoglires, Primates, Haplorrhini, Simiiformes, Catarrhini, Cercopithecoidea, Cercopithecidae (Old World monkeys), Cercopithecinae, Macaca (macaques), Macaca fascicularis (Crab-eating macaque) (Cynomolgus monkey)",.537813985018761,.783006493506494,.483962662337662,.135064671830008,17175.5954,.0649350649350649,22.2623376623377,7.14377460479736,1.0090052545156,.285714285714286,.194805194805195,.311688311688312,12,0,8,14,6,14,9,8,20,18,4,3,5,7,2,8,4,8,2,2,.0779220779220779,0,.051948051948052,.0909090909090909,.038961038961039,.0909090909090909,.0584415584415584,.051948051948052,.12987012987013,.116883116883117,.025974025974026,.0194805194805195,.0324675324675325,.0454545454545455,.012987012987013,.051948051948052,.025974025974026,.051948051948052,.012987012987013,.012987012987013,.108433781317396,-.458165710098598,.428328450738771,.311345919697604,-.480476231178657,.21901366996923
MYG_HUMAN,2,MB,Homo sapiens (Human), ,X-ray crystallography (1),X00371;X00372;X00373;M14603;M10090;M14602;CR456516;CR541949;DQ003030;AL022334;AL049747;BC014547;, ,4151;,"cellular organisms, Eukaryota, Opisthokonta, Metazoa, Eumetazoa, Bilateria, Deuterostomia, Chordata, Craniata, Vertebrata, Gnathostomata (jawed vertebrates), Teleostomi, Euteleostomi, Sarcopterygii, Dipnotetrapodomorpha, Tetrapoda, Amniota, Mammalia, Theria, Eutheria, Boreoeutheria, Euarchontoglires, Primates, Haplorrhini, Simiiformes, Catarrhini, Hominoidea (apes), Hominidae (great apes), Homininae, Homo, Homo sapiens (Human)",.387959409553509,.785974675324675,.487838636363636,.113389804567143,17183.5975,.0714285714285714,21.812987012987,7.13689708709717,1.0086091954023,.279220779220779,.194805194805195,.305194805194805,12,1,8,14,7,15,9,8,20,17,4,3,5,7,2,7,4,7,2,2,.0779220779220779,.00649350649350649,.051948051948052,.0909090909090909,.0454545454545455,.0974025974025974,.0584415584415584,.051948051948052,.12987012987013,.11038961038961,.025974025974026,.0194805194805195,.0324675324675325,.0454545454545455,.012987012987013,.0454545454545455,.025974025974026,.0454545454545455,.012987012987013,.012987012987013,.759127843122238,-.0237173312212596,-1.35843715519422,.214907260401395,.278829580059508,.547225761223584
MYG_PANTR,2,MB,Pan troglodytes (Chimpanzee), , , , , ,"cellular organisms, Eukaryota, Opisthokonta, Metazoa, Eumetazoa, Bilateria, Deuterostomia, Chordata, Craniata, Vertebrata, Gnathostomata (jawed vertebrates), Teleostomi, Euteleostomi, Sarcopterygii, Dipnotetrapodomorpha, Tetrapoda, Amniota, Mammalia, Theria, Eutheria, Boreoeutheria, Euarchontoglires, Primates, Haplorrhini, Simiiformes, Catarrhini, Hominoidea (apes), Hominidae (great apes), Homininae, Pan (chimpanzees), Pan troglodytes (Chimpanzee)",.439181160520424,.7843,.488223051948052,.131479250941349,17192.6076,.0714285714285714,16.8428571428571,7.16793117523193,1.0080091954023,.279220779220779,.194805194805195,.305194805194805,12,1,8,14,7,15,10,8,20,17,4,3,5,6,2,7,4,7,2,2,.0779220779220779,.00649350649350649,.051948051948052,.0909090909090909,.0454545454545455,.0974025974025974,.0649350649350649,.051948051948052,.12987012987013,.11038961038961,.025974025974026,.0194805194805195,.0324675324675325,.038961038961039,.012987012987013,.0454545454545455,.025974025974026,.0454545454545455,.012987012987013,.012987012987013,.504782515194682,.234361392104051,-.32401094966037,.320856681411037,.358582886942241,.626664700217295
MYG_GORBE,2,MB,Gorilla gorilla beringei (Mountain gorilla) (Highland gorilla), , , , , ,"cellular organisms, Eukaryota, Opisthokonta, Metazoa, Eumetazoa, Bilateria, Deuterostomia, Chordata, Craniata, Vertebrata, Gnathostomata (jawed vertebrates), Teleostomi, Euteleostomi, Sarcopterygii, Dipnotetrapodomorpha, Tetrapoda, Amniota, Mammalia, Theria, Eutheria, Boreoeutheria, Euarchontoglires, Primates, Haplorrhini, Simiiformes, Catarrhini, Hominoidea (apes), Hominidae (great apes), Homininae, Gorilla, Gorilla gorilla beringei (Mountain gorilla) (Highland gorilla)",.402164775442767,.787307792207792,.488127597402597,.114674125110291,17173.5596,.0714285714285714,22,7.13689708709717,1.00858850574713,.279220779220779,.194805194805195,.305194805194805,12,1,8,14,7,15,9,8,20,17,4,3,4,7,2,8,4,7,2,2,.0779220779220779,.00649350649350649,.051948051948052,.0909090909090909,.0454545454545455,.0974025974025974,.0584415584415584,.051948051948052,.12987012987013,.11038961038961,.025974025974026,.0194805194805195,.025974025974026,.0454545454545455,.012987012987013,.051948051948052,.025974025974026,.0454545454545455,.012987012987013,.012987012987013,.721973151073875,.0422808499485025,-1.24980485674379,.21156897554169,.323315159110117,.591826503454598
MYG_MACFA,2,MB,Macaca fascicularis (Crab-eating macaque) (Cynomolgus monkey), , , , ,102132612;,"cellular organisms, Eukaryota, Opisthokonta, Metazoa, Eumetazoa, Bilateria, Deuterostomia, Chordata, Craniata, Vertebrata, Gnathostomata (jawed vertebrates), Teleostomi, Euteleostomi, Sarcopterygii, Dipnotetrapodomorpha, Tetrapoda, Amniota, Mammalia, Theria, Eutheria, Boreoeutheria, Euarchontoglires, Primates, Haplorrhini, Simiiformes, Catarrhini, Cercopithecoidea, Cercopithecidae (Old World monkeys), Cercopithecinae, Macaca (macaques), Macaca fascicularis (Crab-eating macaque) (Cynomolgus monkey)",.537813985018761,.783006493506494,.483962662337662,.135064671830008,17175.5954,.0649350649350649,22.2623376623377,7.14377460479736,1.0090052545156,.285714285714286,.194805194805195,.311688311688312,12,0,8,14,6,14,9,8,20,18,4,3,5,7,2,8,4,8,2,2,.0779220779220779,0,.051948051948052,.0909090909090909,.038961038961039,.0909090909090909,.0584415584415584,.051948051948052,.12987012987013,.116883116883117,.025974025974026,.0194805194805195,.0324675324675325,.0454545454545455,.012987012987013,.051948051948052,.025974025974026,.051948051948052,.012987012987013,.012987012987013,.108433781317396,-.458165710098598,.428328450738771,.311345919697604,-.480476231178657,.21901366996923
MYG_TUPGL,2,MB,Tupaia glis (Tree shrew) (Sorex glis), , , , , ,"cellular organisms, Eukaryota, Opisthokonta, Metazoa, Eumetazoa, Bilateria, Deuterostomia, Chordata, Craniata, Vertebrata, Gnathostomata (jawed vertebrates), Teleostomi, Euteleostomi, Sarcopterygii, Dipnotetrapodomorpha, Tetrapoda, Amniota, Mammalia, Theria, Eutheria, Boreoeutheria, Euarchontoglires, Scandentia (tree shrews), Tupaiidae (tree shrews), Tupaia, Tupaia glis (Tree shrew) (Sorex glis)",.462419411385214,.792148051948052,.488345779220779,.147113583638667,17098.4467,.0714285714285714,20.4623376623377,7.10927333831787,1.00881215106732,.285714285714286,.181818181818182,.318181818181818,15,0,8,14,7,14,8,8,20,17,3,3,4,8,2,7,4,8,2,2,.0974025974025974,0,.051948051948052,.0909090909090909,.0454545454545455,.0909090909090909,.051948051948052,.051948051948052,.12987012987013,.11038961038961,.0194805194805195,.0194805194805195,.025974025974026,.051948051948052,.012987012987013,.0454545454545455,.025974025974026,.051948051948052,.012987012987013,.012987012987013,.127815970054648,.263719848953536,1.38813381841277,.58609999929555,.110068001391065,.492553034674833
MYG_PERPO,1,MB,Perodicticus potto edwarsi (Potto), , , , , ,"cellular organisms, Eukaryota, Opisthokonta, Metazoa, Eumetazoa, Bilateria, Deuterostomia, Chordata, Craniata, Vertebrata, Gnathostomata (jawed vertebrates), Teleostomi, Euteleostomi, Sarcopterygii, Dipnotetrapodomorpha, Tetrapoda, Amniota, Mammalia, Theria, Eutheria, Boreoeutheria, Euarchontoglires, Primates, Strepsirrhini (prosimians), Lorisiformes, Lorisidae (lorises), Perodicticus, Perodicticus potto (potto), Perodicticus potto edwarsi (Potto)",.697469084487333,.793349350649351,.494526298701299,.161091116538195,17062.4162,.0714285714285714,23.7772727272727,7.14343357086182,1.00688801313629,.285714285714286,.188311688311688,.311688311688312,15,0,8,13,7,14,9,9,19,17,3,4,5,6,2,6,6,7,2,2,.0974025974025974,0,.051948051948052,.0844155844155844,.0454545454545455,.0909090909090909,.0584415584415584,.0584415584415584,.123376623376623,.11038961038961,.0194805194805195,.025974025974026,.0324675324675325,.038961038961039,.012987012987013,.038961038961039,.038961038961039,.0454545454545455,.012987012987013,.012987012987013,-.611018989055985,1.56739043444775,2.49744715201907,.141862554244565,1.11500911480323,1.38523180008097
MYG_PIG,2,MB,Sus scrofa (Pig), ,X-ray crystallography (17),M14433;, ,397467;,"cellular organisms, Eukaryota, Opisthokonta, Metazoa, Eumetazoa, Bilateria, Deuterostomia, Chordata, Craniata, Vertebrata, Gnathostomata (jawed vertebrates), Teleostomi, Euteleostomi, Sarcopterygii, Dipnotetrapodomorpha, Tetrapoda, Amniota, Mammalia, Theria, Eutheria, Boreoeutheria, Laurasiatheria, Artiodactyla, Suina, Suidae (pigs), Sus, Sus scrofa (Pig)",.493899760501725,.785032467532468,.487154220779221,.133672889131171,17084.4002,.0714285714285714,20.5025974025974,6.75636005401611,1.00803973727422,.279220779220779,.188311688311688,.324675324675325,14,0,8,14,7,15,9,6,19,18,4,3,4,7,2,7,5,8,2,2,.0909090909090909,0,.051948051948052,.0909090909090909,.0454545454545455,.0974025974025974,.0584415584415584,.038961038961039,.123376623376623,.116883116883117,.025974025974026,.0194805194805195,.025974025974026,.0454545454545455,.012987012987013,.0454545454545455,.0324675324675325,.051948051948052,.012987012987013,.012987012987013,.22868504452729,.103108669920547,.793336666604561,.484735706399403,.044188340963422,.378376643588412
MYG_CTEGU,2,MB,Ctenodactylus gundi (Northern gundi), , , , , ,"cellular organisms, Eukaryota, Opisthokonta, Metazoa, Eumetazoa, Bilateria, Deuterostomia, Chordata, Craniata, Vertebrata, Gnathostomata (jawed vertebrates), Teleostomi, Euteleostomi, Sarcopterygii, Dipnotetrapodomorpha, Tetrapoda, Amniota, Mammalia, Theria, Eutheria, Boreoeutheria, Euarchontoglires, Glires (Rodents and rabbits), Rodentia, Hystricomorpha, Ctenodactylidae (gundis), Ctenodactylus, Ctenodactylus gundi (Northern gundi)",.438967899649174,.787467532467532,.486933441558442,.151167742668432,17074.336,.0714285714285714,21.1883116883117,6.44545078277588,1.00928801313629,.279220779220779,.188311688311688,.324675324675325,14,0,8,15,7,15,8,8,19,18,3,3,4,7,2,7,6,6,2,2,.0909090909090909,0,.051948051948052,.0974025974025974,.0454545454545455,.0974025974025974,.051948051948052,.051948051948052,.123376623376623,.116883116883117,.0194805194805195,.0194805194805195,.025974025974026,.0454545454545455,.012987012987013,.0454545454545455,.038961038961039,.038961038961039,.012987012987013,.012987012987013,.148387859160941,-.285290243577914,1.90227843448627,.858394771810449,-.485294848681942,.630040717418936
MYG_PAPAN,2,MB,Papio anubis (Olive baboon), , , , ,101002149;,"cellular organisms, Eukaryota, Opisthokonta, Metazoa, Eumetazoa, Bilateria, Deuterostomia, Chordata, Craniata, Vertebrata, Gnathostomata (jawed vertebrates), Teleostomi, Euteleostomi, Sarcopterygii, Dipnotetrapodomorpha, Tetrapoda, Amniota, Mammalia, Theria, Eutheria, Boreoeutheria, Euarchontoglires, Primates, Haplorrhini, Simiiformes, Catarrhini, Cercopithecoidea, Cercopithecidae (Old World monkeys), Cercopithecinae, Papio (baboons), Papio anubis (Olive baboon)",.520272195726246,.779663636363636,.482741883116883,.132637609380024,17147.5423,.0649350649350649,22.2623376623377,7.14377460479736,1.00937077175698,.279220779220779,.194805194805195,.318181818181818,13,0,8,14,6,14,9,8,20,18,4,3,5,7,2,8,4,7,2,2,.0844155844155844,0,.051948051948052,.0909090909090909,.038961038961039,.0909090909090909,.0584415584415584,.051948051948052,.12987012987013,.116883116883117,.025974025974026,.0194805194805195,.0324675324675325,.0454545454545455,.012987012987013,.051948051948052,.025974025974026,.0454545454545455,.012987012987013,.012987012987013,.0781821526886967,-.818982951350244,.46555924687554,.341416727078769,-.842700048904028,.581544026627246
MYG_SEMEN,2,MB,Semnopithecus entellus (Hanuman langur) (Presbytis entellus), , , , , ,"cellular organisms, Eukaryota, Opisthokonta, Metazoa, Eumetazoa, Bilateria, Deuterostomia, Chordata, Craniata, Vertebrata, Gnathostomata (jawed vertebrates), Teleostomi, Euteleostomi, Sarcopterygii, Dipnotetrapodomorpha, Tetrapoda, Amniota, Mammalia, Theria, Eutheria, Boreoeutheria, Euarchontoglires, Primates, Haplorrhini, Simiiformes, Catarrhini, Cercopithecoidea, Cercopithecidae (Old World monkeys), Colobinae, Semnopithecus, Semnopithecus entellus (Hanuman langur) (Presbytis entellus)",.520272195726246,.779663636363636,.482741883116883,.132637609380024,17147.5423,.0649350649350649,22.2623376623377,7.14377460479736,1.00937077175698,.279220779220779,.194805194805195,.318181818181818,13,0,8,14,6,14,9,8,20,18,4,3,5,7,2,8,4,7,2,2,.0844155844155844,0,.051948051948052,.0909090909090909,.038961038961039,.0909090909090909,.0584415584415584,.051948051948052,.12987012987013,.116883116883117,.025974025974026,.0194805194805195,.0324675324675325,.0454545454545455,.012987012987013,.051948051948052,.025974025974026,.0454545454545455,.012987012987013,.012987012987013,.0781821526886967,-.818982951350244,.46555924687554,.341416727078769,-.842700048904028,.581544026627246
MYG_ERYPA,2,MB,Erythrocebus patas (Red guenon) (Cercopithecus patas), , , , , ,"cellular organisms, Eukaryota, Opisthokonta, Metazoa, Eumetazoa, Bilateria, Deuterostomia, Chordata, Craniata, Vertebrata, Gnathostomata (jawed vertebrates), Teleostomi, Euteleostomi, Sarcopterygii, Dipnotetrapodomorpha, Tetrapoda, Amniota, Mammalia, Theria, Eutheria, Boreoeutheria, Euarchontoglires, Primates, Haplorrhini, Simiiformes, Catarrhini, Cercopithecoidea, Cercopithecidae (Old World monkeys), Cercopithecinae, Erythrocebus, Erythrocebus patas (Red guenon) (Cercopithecus patas)",.520272195726246,.779663636363636,.482741883116883,.132637609380024,17147.5423,.0649350649350649,22.2623376623377,7.14377460479736,1.00937077175698,.279220779220779,.194805194805195,.318181818181818,13,0,8,14,6,14,9,8,20,18,4,3,5,7,2,8,4,7,2,2,.0844155844155844,0,.051948051948052,.0909090909090909,.038961038961039,.0909090909090909,.0584415584415584,.051948051948052,.12987012987013,.116883116883117,.025974025974026,.0194805194805195,.0324675324675325,.0454545454545455,.012987012987013,.051948051948052,.025974025974026,.0454545454545455,.012987012987013,.012987012987013,.0781821526886967,-.818982951350244,.46555924687554,.341416727078769,-.842700048904028,.581544026627246
R9RZ90_SCAOR,2,Mb,Scapanus orarius (Coast mole), , ,KC524746;, , ,"cellular organisms, Eukaryota, Opisthokonta, Metazoa, Eumetazoa, Bilateria, Deuterostomia, Chordata, Craniata, Vertebrata, Gnathostomata (jawed vertebrates), Teleostomi, Euteleostomi, Sarcopterygii, Dipnotetrapodomorpha, Tetrapoda, Amniota, Mammalia, Theria, Eutheria, Boreoeutheria, Laurasiatheria, Eulipotyphla (hedgehogs, shrews, moles and others), Talpidae (moles, shrew-moles, and desmans), Scapanus, Scapanus orarius (Coast mole)",.367426779508204,.786494155844156,.490103571428571,.134839051744014,16993.3324,.0714285714285714,18.0857142857143,7.94316577911377,1.00892249589491,.285714285714286,.214285714285714,.305194805194805,13,0,7,13,7,16,7,7,19,17,4,4,4,9,2,9,3,9,2,2,.0844155844155844,0,.0454545454545455,.0844155844155844,.0454545454545455,.103896103896104,.0454545454545455,.0454545454545455,.123376623376623,.11038961038961,.025974025974026,.025974025974026,.025974025974026,.0584415584415584,.012987012987013,.0584415584415584,.0194805194805195,.0584415584415584,.012987012987013,.012987012987013,.847012349613005,-.140943140332612,-.480233578472975,.6273189031193,.0723838317490868,.493594481603613
R9RZA9_TRIMA,1,Mb,Trichechus manatus (Caribbean manatee) (West Indian manatee), , ,KC524769;, , ,"cellular organisms, Eukaryota, Opisthokonta, Metazoa, Eumetazoa, Bilateria, Deuterostomia, Chordata, Craniata, Vertebrata, Gnathostomata (jawed vertebrates), Teleostomi, Euteleostomi, Sarcopterygii, Dipnotetrapodomorpha, Tetrapoda, Amniota, Mammalia, Theria, Eutheria, Afrotheria, Sirenia (manatees and dugongs (seacows)), Trichechidae (manatees), Trichechus, Trichechus manatus (Caribbean manatee) (West Indian manatee)",.985695125659307,.727415,.461078333333333,.119663320848146,3459.0107,.0333333333333333,41.0566666666667,9.87625026702881,1.00749319727891,.233333333333333,.133333333333333,.266666666666667,3,0,0,2,0,1,4,2,6,3,0,0,2,3,0,1,1,1,0,1,.1,0,0,.0666666666666667,0,.0333333333333333,.133333333333333,.0666666666666667,.2,.1,0,0,.0666666666666667,.1,0,.0333333333333333,.0333333333333333,.0333333333333333,0,.0333333333333333,-5.17195120511994,-.771950719525457,-.653993780482657,-4.92181111612513,-1.59611313289711,4.64217280692327
R9RZM3_URSMA,2,Mb MB,Ursus maritimus (Polar bear) (Thalarctos maritimus), , ,KC524762;, ,103676437;,"cellular organisms, Eukaryota, Opisthokonta, Metazoa, Eumetazoa, Bilateria, Deuterostomia, Chordata, Craniata, Vertebrata, Gnathostomata (jawed vertebrates), Teleostomi, Euteleostomi, Sarcopterygii, Dipnotetrapodomorpha, Tetrapoda, Amniota, Mammalia, Theria, Eutheria, Boreoeutheria, Laurasiatheria, Carnivora, Caniformia, Ursidae (bears), Ursus, Ursus maritimus (Polar bear) (Thalarctos maritimus)",.479312783228112,.786954545454545,.485399025974026,.134501342797484,17176.5652,.0714285714285714,13.1512987012987,7.95812244415283,1.00865353037767,.285714285714286,.188311688311688,.318181818181818,13,0,8,14,7,16,9,8,20,19,3,3,4,7,3,6,4,6,2,2,.0844155844155844,0,.051948051948052,.0909090909090909,.0454545454545455,.103896103896104,.0584415584415584,.051948051948052,.12987012987013,.123376623376623,.0194805194805195,.0194805194805195,.025974025974026,.0454545454545455,.0194805194805195,.038961038961039,.025974025974026,.038961038961039,.012987012987013,.012987012987013,.495139943957835,-.154986131956467,.113432675512261,.517819497414403,-.07688876548634,.313374321117707
R9S070_DUGDU,1,Mb,Dugong dugon (Dugong) (Trichechus dugon), , ,KC524735;KC524736;, , ,"cellular organisms, Eukaryota, Opisthokonta, Metazoa, Eumetazoa, Bilateria, Deuterostomia, Chordata, Craniata, Vertebrata, Gnathostomata (jawed vertebrates), Teleostomi, Euteleostomi, Sarcopterygii, Dipnotetrapodomorpha, Tetrapoda, Amniota, Mammalia, Theria, Eutheria, Afrotheria, Sirenia (manatees and dugongs (seacows)), Dugongidae (dugong and sea cow), Dugong, Dugong dugon (Dugong) (Trichechus dugon)",.433403121815486,.804364285714286,.497019805194805,.122785514730222,17191.7056,.0714285714285714,24.8383116883117,7.16827220916748,1.00497011494253,.292207792207792,.162337662337662,.324675324675325,14,1,7,14,7,14,10,8,19,18,4,2,4,7,2,5,6,8,2,2,.0909090909090909,.00649350649350649,.0454545454545455,.0909090909090909,.0454545454545455,.0909090909090909,.0649350649350649,.051948051948052,.123376623376623,.116883116883117,.025974025974026,.012987012987013,.025974025974026,.0454545454545455,.012987012987013,.0324675324675325,.038961038961039,.051948051948052,.012987012987013,.012987012987013,.122632323919886,2.74094106046285,.360501455728479,-.0955393690886258,2.65362802672283,1.82616187225656
